index,age,income,region,sex,race,education,actual_response,llm_raw,llm_parsed,tokens_input,tokens_output,cost_usd
0,77,24502,Middle Atlantic,Female,Black,Graduate degree,Oppose,"Oppose. I believe that the death penalty is not an effective deterrent to crime and that it disproportionately affects marginalized communities. Additionally, there’s always the risk of wrongful convictions, which is something I find deeply troubling. Every life has value, and I think we should focus on rehabilitation rather than retribution.",Oppose,200,62,6.72e-05
1,57,4991,New England,Female,White,Less than high school,Oppose,"Oppose. I believe that every life has value, and the justice system isn't always perfect. There's always a risk of executing someone who might be innocent or didn't receive a fair trial. I think focus should be on rehabilitation rather than punishment.",Oppose,202,48,5.91e-05
2,64,117564,New England,Male,White,Graduate degree,Oppose,"Oppose. I believe the death penalty raises significant ethical concerns and does not deter crime effectively. Additionally, there is always the risk of wrongful convictions, which could lead to irreversible consequences for innocent people. I think life imprisonment without parole is a more humane and just approach.",Oppose,200,54,6.24e-05
3,65,29947,New England,Female,White,Graduate degree,Oppose,"Oppose. I believe that the death penalty is not a fair or effective solution. It doesn't truly deter crime, and there is always the risk of executing an innocent person. Furthermore, I think life imprisonment can serve justice without taking a life.",Oppose,200,49,5.94e-05
4,29,181,Middle Atlantic,Female,Black,High school,Oppose,"Oppose. I believe the justice system is flawed, and there’s a risk of executing innocent people. Additionally, life imprisonment can serve as a better deterrent and allows for rehabilitation, which offers a chance for change.",Oppose,198,44,5.6099999999999995e-05
5,75,9713,Middle Atlantic,Male,White,High school,Favor,"Oppose. 

I believe that everyone deserves a chance at redemption, and I worry about the possibility of making a mistake and executing an innocent person. Life imprisonment can keep society safe without taking a life.",Oppose,200,41,5.46e-05
6,57,5623,West North Central,Female,White,Less than high school,Favor,"Oppose. I believe that taking a life is never the right answer, even for those who have committed terrible crimes. I think there are better ways to handle punishment and rehabilitation that don’t involve ending someone's life. Plus, there’s always the risk of wrongful convictions, and that’s a scary thought.",Oppose,203,61,6.705e-05
7,67,27607,Middle Atlantic,Female,White,Bachelor's degree,Favor,"Oppose. I believe that every life has value, and even those who commit terrible crimes can possibly be rehabilitated. The risk of executing an innocent person is too high, and I think life imprisonment without parole is a more humane alternative.",Oppose,200,48,5.88e-05
8,68,22495,West North Central,Male,White,High school,Favor,"Oppose. I believe that every person deserves a chance for redemption. The death penalty doesn’t bring back the victims, and there’s always a risk of executing someone who may be innocent. Life in prison without parole seems like a more humane and just option.",Oppose,201,52,6.135e-05
9,62,11247,East North Central,Female,White,High school,Oppose,Oppose. I believe that the death penalty is not a solution and can lead to irreversible mistakes. It's important to consider the possibility of wrongful convictions and the value of rehabilitation over punishment. Life imprisonment without parole seems a more humane option.,Oppose,201,47,5.8349999999999995e-05
10,18,4601,Middle Atlantic,Male,Black,High school,Oppose,"Oppose. I believe that everyone deserves a chance at rehabilitation, and the justice system isn’t always perfect. Innocent people can get convicted, and it’s irreversible once someone is executed. There are better ways to punish and deter crime.",Oppose,200,48,5.88e-05
11,36,22495,New England,Male,Other,Bachelor's degree,Oppose,"Oppose. I believe the death penalty is not an effective deterrent to crime and carries the risk of executing innocent people. There are also moral and ethical concerns about state-sanctioned killings, and I think life imprisonment can serve as a better alternative for justice and rehabilitation.",Oppose,200,55,6.3e-05
12,62,33742,Middle Atlantic,Male,White,Bachelor's degree,Favor,"Oppose. I believe the death penalty is not an effective deterrent to crime and that it raises moral and ethical issues. Additionally, the risk of executing an innocent person is a significant concern for me. Life sentences without parole can ensure justice without taking a life.",Oppose,200,53,6.18e-05
13,51,5623,Middle Atlantic,Male,White,High school,Favor,"Oppose. I believe that the justice system should focus on rehabilitation rather than retribution. There is always a risk of wrongful convictions, and taking a life is an irreversible action. I think life imprisonment without parole is a more humane option.",Oppose,200,48,5.88e-05
14,42,18405,Middle Atlantic,Female,White,Associate/Junior college,Favor,"Oppose. I believe that the death penalty is not an effective deterrent to crime and that it's important to prioritize rehabilitation over punishment. There's also the risk of executing innocent people, which I find unacceptable. Everyone deserves a chance at redemption, and our justice system isn't perfect.",Oppose,203,55,6.345e-05
15,47,18405,West North Central,Female,White,Bachelor's degree,Favor,"Oppose. I believe that the death penalty is not an effective deterrent to crime and that it risks executing innocent people. Additionally, life imprisonment without parole can serve justice without taking a life. I think rehabilitation and restorative justice should be prioritized instead.",Oppose,201,50,6.015e-05
16,29,13292,East North Central,Female,White,Associate/Junior college,Oppose,"Oppose. I believe that everyone deserves a chance for redemption, and the justice system isn't always perfect. There’s also the risk of executing an innocent person, which is irreversible. I think life in prison is a better option that also allows for rehabilitation.",Oppose,204,51,6.12e-05
17,41,5623,West North Central,Female,White,Less than high school,Oppose,"Oppose. I believe that no one has the right to take another person's life, regardless of the crime. I think there are better ways to deal with criminals, like rehabilitation and life sentences, instead of resorting to the death penalty. It also feels like there's a risk of executing someone who might be innocent.",Oppose,203,63,6.824999999999999e-05
18,31,27607,New England,Female,White,Graduate degree,Oppose,"Oppose. I believe that the death penalty is not an effective deterrent to crime and carries the risk of irreversible mistakes, where innocent lives could be taken. Additionally, I think it reflects societal issues that should be addressed, such as inequality within the legal system.",Oppose,200,53,6.18e-05
19,21,4601,Middle Atlantic,Female,Black,High school,Oppose,"Oppose. I believe that the death penalty is not a fair or effective solution. It doesn't bring back the victims and risks executing innocent people. Additionally, it often disproportionately affects marginalized communities, including people of color and those from low-income backgrounds. I think life imprisonment without parole is a better alternative that allows for correction and rehabilitation.",Oppose,200,66,6.96e-05
20,72,19965,East North Central,Female,White,Associate/Junior college,Favor,"Oppose. I believe that every life has value and that the risk of executing an innocent person is too high. Additionally, I think there are more effective ways to ensure justice and prevent crime without resorting to the death penalty.",Oppose,204,46,5.819999999999999e-05
21,20,6646,East North Central,Female,Black,High school,Favor,"Oppose. I believe that the death penalty is not a solution to violent crime. It doesn't bring back the victims and there's always a risk of executing someone innocent. Plus, I think it disproportionately affects marginalized communities, including people of color, and that's not justice.",Oppose,201,53,6.195e-05
22,39,5623,East North Central,Female,White,Associate/Junior college,Favor,Oppose. I believe that the death penalty is not a fair or humane solution. It risks executing innocent people and doesn't address the root causes of violence. Life imprisonment without parole can offer justice without the moral complications that come with taking a life.,Oppose,204,49,5.9999999999999995e-05
23,81,22495,West North Central,Female,Black,Less than high school,Oppose,"Oppose. I believe that taking a life is not the answer, even for those who have committed terrible crimes. We should focus on rehabilitation and helping people rather than ending lives. There is always a chance for change, and mistakes can happen in the justice system.",Oppose,203,53,6.225e-05
24,56,15337,West North Central,Male,Other,Less than high school,Favor,"Oppose. I believe that the death penalty is not a fair or effective solution. It doesn't bring back the victims and can lead to wrongful convictions, which is a real concern. I think there are other ways to address crime that focus on rehabilitation instead of punishment.",Oppose,203,53,6.225e-05
25,65,2249,New England,Female,White,High school,Favor,"Oppose. I believe that taking a life, even for someone who has committed a terrible crime, is not right. There’s always the possibility of mistakes in the justice system, and I think it's more humane to seek rehabilitation rather than punishment through death.",Oppose,200,51,6.0599999999999996e-05
26,57,65439,New England,Female,White,High school,Favor,"Oppose. I believe that taking a life is never the right solution, and there’s always a chance that an innocent person could be sentenced to death. Additionally, I think there are more effective ways to deal with crime that don't involve capital punishment.",Oppose,200,50,6e-05
27,39,7713,East North Central,Male,Black,High school,Favor,"Oppose. I believe that the justice system is not always perfect, and there are too many risks of wrongful convictions. Life imprisonment without parole can ensure that justice is served without taking a life. Additionally, I think there are deeper societal issues that need addressing rather than resorting to the death penalty.",Oppose,201,60,6.615e-05
28,72,27607,West North Central,Female,White,High school,Oppose,"Oppose. I believe that every life has value and that there are always circumstances and reasons that can lead someone to commit such terrible crimes. Instead of the death penalty, I think we should focus on rehabilitation and addressing the root causes of violence in our society.",Oppose,201,52,6.135e-05
29,79,33742,East North Central,Male,White,High school,Oppose,"Oppose. I believe that everyone deserves a chance for rehabilitation, and the justice system isn't perfect. There’s always the possibility of wrongful convictions, and taking a life feels like an irreversible mistake.",Oppose,201,39,5.355e-05
30,18,135195,East North Central,Female,White,High school,Oppose,"Oppose. I believe that taking a life, even of someone who has committed a serious crime, is not the solution. It doesn't bring back the victim and can lead to irreversible mistakes if someone is wrongfully convicted. Life in prison without parole seems like a more humane and effective option for justice.",Oppose,201,60,6.615e-05
31,72,33742,New England,Female,White,Bachelor's degree,Oppose,"Oppose. I believe that every person deserves a chance for redemption, and the justice system isn't perfect. There's always a risk of executing an innocent person, and I think life imprisonment without parole is a more humane option.",Oppose,200,44,5.64e-05
32,34,27607,New England,Male,Other,Bachelor's degree,Oppose,"Oppose. I believe that the death penalty raises ethical concerns and can lead to irreversible mistakes, such as executing an innocent person. Additionally, it doesn’t seem to deter crime effectively and can perpetuate a cycle of violence rather than promote healing for victims’ families.",Oppose,200,53,6.18e-05
33,44,8691,Middle Atlantic,Male,White,Less than high school,Favor,"Oppose. I believe in the possibility of rehabilitation and the chance that someone might be wrongfully convicted. Taking a life seems too final, especially when mistakes can happen in the justice system.",Oppose,202,38,5.31e-05
34,55,49080,West North Central,Female,Other,Bachelor's degree,Favor,"Oppose. I believe that the justice system should focus on rehabilitation rather than punishment, and there is always a risk of wrongful convictions. The death penalty doesn’t necessarily deter crime and can perpetuate a cycle of violence.",Oppose,201,44,5.654999999999999e-05
35,89,13292,East North Central,Female,White,High school,Favor,"Oppose. I believe in the sanctity of life, and it's troubling to think about executing someone, even if they've committed a serious crime. There’s always a chance of mistakes in the justice system, and I feel it's more humane to focus on rehabilitation rather than taking a life.",Oppose,201,57,6.434999999999999e-05
36,61,6646,East North Central,Male,Black,High school,Favor,"Oppose. I believe the death penalty is not an effective deterrent to crime and can lead to irreversible mistakes, like executing an innocent person. Everyone deserves the chance for rehabilitation. Plus, it seems like it disproportionately affects marginalized communities, including Black individuals.",Oppose,201,51,6.075e-05
37,28,40900,East North Central,Male,White,High school,Favor,"Oppose. I believe that the justice system is not perfect, and there’s always a risk of wrongful convictions. Taking a life is irreversible, and I think there are better ways to seek justice, like life imprisonment without parole, which also gives convicts a chance for rehabilitation.",Oppose,201,56,6.375e-05
38,76,117564,East North Central,Male,White,Graduate degree,Favor,"Oppose. I believe that every individual deserves a chance for redemption, and the possibility of executing an innocent person weighs heavily on my conscience. Additionally, there are other ways to ensure justice and safety in society without resorting to the death penalty.",Oppose,201,49,5.955e-05
39,79,18405,East North Central,Male,White,Bachelor's degree,Favor,"Oppose. I believe in the value of human life, and I worry about the possibility of wrongful convictions. The justice system isn’t perfect, and taking a life is a final decision that can’t be undone. There are better ways to seek justice and rehabilitate offenders.",Oppose,201,55,6.315e-05
40,47,50820,East North Central,Male,White,Graduate degree,Oppose,"Oppose. I believe that the death penalty is not an effective deterrent to crime and there is always the risk of executing an innocent person. Life imprisonment without parole can serve justice without the irreversible nature of capital punishment. Additionally, I think the focus should be on rehabilitation and addressing the root causes of crime.",Oppose,201,62,6.735e-05
41,35,18405,New England,Female,Other,Associate/Junior college,Oppose,"Oppose. I believe that the justice system should focus on rehabilitation rather than punishment. The possibility of executing an innocent person is a risk that I can't accept, and I feel there are better ways to address crime and support victims' families without resorting to such irreversible measures.",Oppose,203,55,6.345e-05
42,31,27607,East North Central,Female,Other,Associate/Junior college,Favor,"Oppose. I believe in the value of rehabilitation and the possibility of change in individuals, plus the justice system is not infallible. The risk of executing an innocent person is too high, and there are other ways to ensure public safety without taking a life.",Oppose,204,53,6.24e-05
43,61,36300,East North Central,Female,White,Bachelor's degree,Favor,Oppose. I believe that the death penalty is not a just solution to addressing crime. It risks executing innocent people and does not effectively deter crime. I think life imprisonment without parole is a more humane and just alternative.,Oppose,201,44,5.654999999999999e-05
44,21,135195,West North Central,Male,White,High school,Oppose,"Favor. I believe the death penalty can serve as a deterrent for serious crimes like murder, and it ensures that those who commit heinous acts cannot harm others again. While I recognize the potential for wrongful convictions, I think the system can be improved to minimize those risks.",Favor,201,55,6.315e-05
45,75,27607,East North Central,Male,White,High school,Favor,"Oppose. I believe that the death penalty is not a solution to crime and doesn’t really deter others from committing murder. There’s always a chance of making a mistake, and I think it's more humane to focus on rehabilitation rather than punishment. Plus, the system can be unfair, especially for those without the right resources.",Oppose,201,65,6.915e-05
46,71,117564,New England,Male,White,Bachelor's degree,Favor,Oppose. I believe in the value of rehabilitation and the possibility of redemption. The risk of wrongful convictions and the moral implications of taking a life weigh heavily on my mind. We should focus on justice that allows for second chances rather than finality.,Oppose,200,50,6e-05
47,30,3680,Middle Atlantic,Female,White,High school,Oppose,"Oppose. I believe that the death penalty is not an effective deterrent to crime and that everyone deserves a chance for rehabilitation. Additionally, there’s always a risk of wrongful convictions, which could lead to innocent people being executed.",Oppose,200,46,5.76e-05
48,71,65439,East North Central,Male,White,Bachelor's degree,Favor,Oppose. I believe that the death penalty raises moral and ethical concerns. It risks executing innocent people and doesn't address the root causes of crime. Life imprisonment can ensure public safety without taking a life.,Oppose,201,40,5.415e-05
49,58,11797,West North Central,Female,Other,Bachelor's degree,Favor,"Oppose. I believe that the death penalty raises significant ethical concerns and there’s always the risk of executing an innocent person. Additionally, I think life imprisonment can serve as a strong enough punishment while allowing for the possibility of reform.",Oppose,201,46,5.7749999999999994e-05
50,33,3067,Middle Atlantic,Male,Black,High school,Oppose,"Oppose. I believe that the death penalty is not an effective deterrent to crime and carries the risk of executing innocent people. Additionally, it disproportionately affects marginalized communities, which raises concerns about fairness in the justice system.",Oppose,200,44,5.64e-05
51,26,40900,West North Central,Male,White,Bachelor's degree,Oppose,"Oppose. I believe in the possibility of rehabilitation and the potential for wrongful convictions. Taking a life as punishment doesn't seem like a solution, and there are other ways to ensure justice and public safety without resorting to the death penalty.",Oppose,201,47,5.8349999999999995e-05
52,71,36300,Middle Atlantic,Male,White,High school,Favor,"Oppose. I believe that the death penalty is not an effective deterrent for crime and that there is always the risk of executing an innocent person. People can change, and I think life in prison without the possibility of parole is a more humane option.",Oppose,200,51,6.0599999999999996e-05
53,72,7713,East North Central,Female,White,High school,Favor,"Oppose. I believe that everyone deserves a chance for rehabilitation, and there are too many instances where innocent people have been convicted. The justice system isn’t perfect, and it feels wrong to take a life when mistakes can happen.",Oppose,201,46,5.7749999999999994e-05
54,50,24502,New England,Female,Black,High school,Favor,"Oppose. I believe that every life has value, and the death penalty doesn't really solve the problem of crime. It also raises concerns about fairness in how it's applied, especially with issues of race and socioeconomic status. I think we should focus on rehabilitation rather than punishment that ends a life.",Oppose,200,58,6.48e-05
55,64,18405,East North Central,Female,Other,Bachelor's degree,Oppose,"Oppose. I believe that the death penalty does not effectively deter crime and can lead to irreversible mistakes. Additionally, it raises ethical concerns about whether it is right for the state to take a life. I think there are better ways to handle serious crimes that focus on rehabilitation rather than punishment.",Oppose,201,58,6.494999999999999e-05
56,42,4601,Middle Atlantic,Male,White,High school,Favor,"Favor. I believe the death penalty serves as a deterrent for serious crimes like murder and provides a sense of justice for the victims' families. While I understand there are arguments against it, I think that for particularly heinous crimes, it is a necessary punishment.",Favor,200,53,6.18e-05
57,52,40900,West North Central,Female,White,Graduate degree,Favor,"Oppose. I believe in the importance of rehabilitation and the potential for change in individuals. Additionally, the risk of wrongful convictions weighs heavily on my mind. There are other ways to ensure justice without resorting to the death penalty.",Oppose,201,46,5.7749999999999994e-05
58,42,4083,New England,Female,White,High school,Oppose,"Oppose. I believe that taking a life, even of someone who has committed a terrible crime, does not solve the problems in our justice system or society. Mistakes can happen, and innocent people could be unjustly sentenced to death. Additionally, I feel that life in prison can be a more fitting punishment as it allows for the possibility of rehabilitation.",Oppose,200,71,7.26e-05
59,44,8691,East North Central,Female,Black,Graduate degree,Favor,"Oppose. I believe that the death penalty is morally wrong and does not effectively deter crime. Additionally, there is a risk of wrongful convictions, particularly impacting marginalized communities. I'd rather see efforts focused on rehabilitation and addressing the root causes of crime.",Oppose,201,49,5.955e-05
60,33,11797,East North Central,Male,White,Bachelor's degree,Favor,"Oppose. I believe that the death penalty risks executing innocent people and does not effectively deter crime. There are also moral and ethical concerns about taking a life, regardless of the circumstances. I think life imprisonment without parole is a more humane and just approach.",Oppose,201,51,6.075e-05
61,63,135195,East North Central,Female,White,Bachelor's degree,Oppose,"Oppose. I believe in the possibility of rehabilitation and the importance of addressing the root causes of crime. Additionally, there are risks of wrongful convictions, and I think life imprisonment can serve as a more humane and just alternative.",Oppose,201,45,5.714999999999999e-05
62,33,2722,New England,Female,White,High school,Favor,"Oppose. I believe that taking a life as punishment goes against the value of human life and can lead to irreversible mistakes, such as executing an innocent person. There's also the issue of fairness in the justice system, as it often disproportionately affects marginalized communities. I think life imprisonment without parole is a better alternative.",Oppose,200,62,6.72e-05
63,44,27607,East North Central,Female,White,Associate/Junior college,Favor,"Oppose. I believe in the value of human life and the possibility of rehabilitation. There are also concerns about wrongful convictions, which could lead to innocent people being executed. It's a complex issue, and I think there are better ways to address crime and support victims' families.",Oppose,204,55,6.36e-05
64,24,58080,East North Central,Female,White,Bachelor's degree,Favor,"Oppose. I believe that the justice system is not infallible, and there’s always a risk of executing an innocent person. Additionally, I think life imprisonment without parole can be a more humane and effective way to deal with severe crimes while also allowing for rehabilitation.",Oppose,201,54,6.255e-05
65,44,65439,Middle Atlantic,Male,White,Associate/Junior college,Favor,"Oppose. I believe in the potential for rehabilitation and the possibility of wrongful convictions. Life imprisonment without parole can serve justice without taking a life. Additionally, the moral implications and the costs associated with the death penalty are significant considerations for me.",Oppose,203,48,5.925e-05
66,44,22495,East North Central,Male,Other,High school,Favor,"Oppose. I believe in rehabilitation and the possibility of change, even for those who have committed serious crimes. There's also the risk of executing innocent people, and I think life imprisonment can be a more humane and just solution.",Oppose,201,45,5.714999999999999e-05
67,29,4083,East North Central,Female,Black,Bachelor's degree,Oppose,"Oppose. I believe that the death penalty is not an effective deterrent to crime and risks executing innocent people. Additionally, I think it's important to focus on rehabilitation and addressing the root causes of violence rather than resorting to such a permanent solution.",Oppose,201,50,6.015e-05
68,34,29947,East North Central,Male,White,High school,Favor,Oppose. I believe in the possibility of rehabilitation and that there are flaws in the justice system that can lead to wrongful convictions. The death penalty feels too final and doesn't account for the complexity of human circumstances.,Oppose,201,42,5.535e-05
69,62,11247,Middle Atlantic,Female,White,Less than high school,Favor,"Oppose. I believe that everyone deserves a chance for rehabilitation, and the legal system isn't perfect—there's always the risk of executing someone who might be innocent. Life in prison seems like a more humane and just option.",Oppose,202,45,5.73e-05
70,39,49080,New England,Female,White,Graduate degree,Favor,"Oppose. I believe that the death penalty is not an effective deterrent to crime and can lead to irreversible mistakes, especially given the potential for wrongful convictions. Additionally, I think society should focus on rehabilitation rather than punishment, and there are moral implications to taking a life, even for those who have committed serious crimes.",Oppose,200,64,6.84e-05
71,65,726,Middle Atlantic,Female,White,High school,Oppose,"Oppose. I believe that taking a life, even for someone who has committed a terrible crime, is not the right answer. There are too many factors that can lead to wrongful convictions, and I think we should focus on rehabilitation and prevention rather than punishment that is irreversible.",Oppose,198,55,6.27e-05
72,55,3067,West North Central,Male,Black,High school,Oppose,"Oppose. I believe that the death penalty does not deter crime and there is always the risk of executing an innocent person. Life imprisonment allows for the possibility of exoneration if new evidence comes to light. Additionally, the system often is biased and unfair, particularly against marginalized communities.",Oppose,201,57,6.434999999999999e-05
73,77,50820,West North Central,Female,White,Bachelor's degree,Oppose,"Oppose. I believe that the death penalty is not a humane or effective form of justice. There are many factors that can lead to wrongful convictions, and I feel it's better to focus on rehabilitation and addressing the root causes of crime rather than taking a life.",Oppose,201,52,6.135e-05
74,31,7668,Middle Atlantic,Male,White,Associate/Junior college,Favor,"Oppose. I believe the justice system is not infallible, and there’s a risk of executing innocent people. Additionally, I think life imprisonment can serve justice while allowing for potential rehabilitation or correction of wrongful convictions.",Oppose,203,44,5.685e-05
75,60,11247,Middle Atlantic,Male,White,Less than high school,Favor,"Oppose. I believe that taking a life, even in punishment, is not right. The justice system isn't perfect, and there’s always a chance someone could be wrongfully convicted. Life in prison seems like a better alternative, as it allows for the possibility of redemption and is less final.",Oppose,202,59,6.57e-05
76,30,3680,East North Central,Male,White,Less than high school,Favor,"Oppose. I believe that the justice system isn't always perfect, and there have been too many cases of wrongful convictions. Taking a life is irreversible, and I think it’s better to focus on rehabilitation and prevention rather than punishment that can’t be undone.",Oppose,203,51,6.104999999999999e-05
77,33,9713,New England,Female,White,Associate/Junior college,Favor,"Oppose. I believe that the death penalty is morally wrong and doesn't truly deter crime. Additionally, there is always the risk of wrongful convictions, and that’s something I can’t support. Everyone deserves a chance for rehabilitation, and life in prison can serve that purpose.",Oppose,203,54,6.285e-05
78,36,117564,New England,Male,White,High school,Favor,Favor. I believe the death penalty serves as a strong deterrent and provides justice for the families of victims. Some crimes are so heinous that the perpetrators deserve the ultimate punishment.,Favor,200,36,5.1599999999999994e-05
79,63,4991,West North Central,Male,White,Graduate degree,Favor,"Oppose. I believe in the sanctity of life and the possibility of redemption. The justice system can be flawed, and there’s always a risk of executing someone innocent. Additionally, it's important to focus on rehabilitation rather than punishment.",Oppose,201,47,5.8349999999999995e-05
80,45,181,West North Central,Female,White,Bachelor's degree,Oppose,"Oppose. I believe in the potential for rehabilitation and that the justice system is not infallible. There are too many cases where innocent people have been convicted, and the irreversible nature of the death penalty raises ethical concerns for me. I think life imprisonment without parole could be a better alternative.",Oppose,199,59,6.525e-05
81,78,36300,Middle Atlantic,Male,Black,Associate/Junior college,Oppose,"Oppose. I believe that the justice system should focus on rehabilitation rather than revenge. The risk of wrongful convictions is too high, and I think life imprisonment without parole is a more humane alternative. Everyone deserves a chance for redemption, and we should aim for a system that reflects compassion and second chances.",Oppose,203,60,6.645e-05
82,62,50820,East North Central,Female,White,Graduate degree,Oppose,"Oppose. I believe that the death penalty is not an effective deterrent to crime and raises serious ethical concerns. Furthermore, the possibility of wrongful convictions is a significant issue, and we cannot simply undo a death sentence once it’s carried out. I think life imprisonment without parole is a more humane and just approach.",Oppose,201,63,6.795e-05
83,45,11247,Middle Atlantic,Female,White,High school,Favor,"Oppose. I believe that everyone deserves a chance for redemption, and the justice system isn't infallible; there’s always a risk of wrongful convictions. Additionally, the focus should be on rehabilitation instead of punishment.",Oppose,200,43,5.58e-05
84,18,7713,West North Central,Male,Other,High school,Oppose,"Oppose. I believe that everyone deserves a chance at rehabilitation, and there's always the risk of wrongful convictions. Taking a life shouldn’t be the answer, even for the most serious crimes.",Oppose,201,38,5.295e-05
85,66,24502,East North Central,Female,White,Bachelor's degree,Favor,"Oppose. I believe that the death penalty is not an effective deterrent to crime and there is always the risk of executing an innocent person. Life imprisonment can also serve justice without the finality of death, allowing for the possibility of rehabilitation.",Oppose,201,49,5.955e-05
86,64,50820,West North Central,Male,White,High school,Favor,"Favor. I believe the death penalty serves as a strong deterrent for serious crimes like murder. It also provides a sense of justice for the victims' families, knowing that the perpetrator has faced the ultimate consequence for their actions.",Favor,201,46,5.7749999999999994e-05
87,53,117564,Middle Atlantic,Female,White,Bachelor's degree,Favor,Oppose. I believe in the sanctity of life and feel that the justice system should focus on rehabilitation rather than permanent punishment. There are also concerns about wrongful convictions and the disproportionate impact on marginalized communities.,Oppose,200,42,5.52e-05
88,44,29947,West North Central,Female,White,Associate/Junior college,Oppose,"Oppose. I believe in the value of human life, and the justice system isn't infallible. There’s always a risk of wrongful convictions, and I think rehabilitation should be prioritized over retribution.",Oppose,204,41,5.52e-05
89,78,9713,West North Central,Female,White,Associate/Junior college,Oppose,"Oppose. I believe that everyone deserves a chance for redemption, and the justice system isn’t always perfect. Executing someone eliminates any possibility of correcting a wrongful conviction, and I think life imprisonment is a more humane option.",Oppose,204,45,5.76e-05
90,55,5898,New England,Male,White,High school,Favor,"Oppose. I believe that taking a life as punishment doesn't solve the problems of crime and can lead to irreversible mistakes. There are better ways to address justice, like rehabilitation and focusing on preventing crime in the first place.",Oppose,200,44,5.64e-05
91,30,33742,Middle Atlantic,Male,White,High school,Favor,"Oppose. I believe that no one should have the authority to take a life, even for someone who has committed a terrible crime. The risk of executing an innocent person and the possibility of rehabilitation also weigh against the death penalty in my opinion.",Oppose,200,49,5.94e-05
92,22,1270,Middle Atlantic,Male,White,Bachelor's degree,Oppose,"Oppose. I believe that the death penalty is not an effective deterrent to crime and that there is always a risk of executing an innocent person. Additionally, it can be costly and doesn't address the root causes of violence in society.",Oppose,200,47,5.82e-05
93,71,24502,Middle Atlantic,Female,White,Graduate degree,Oppose,"Oppose. I believe that the death penalty is not a just solution to crime. It doesn’t necessarily deter others from committing murder, and there’s always the possibility of wrongful convictions. Life imprisonment without parole seems a more humane option that allows for the possibility of rehabilitation.",Oppose,200,54,6.24e-05
94,31,8691,West North Central,Female,White,High school,Oppose,"Oppose. I believe that the death penalty is not a fair or effective solution. It doesn’t deter crime, and there’s always a risk of executing innocent people. Additionally, life imprisonment can allow for the possibility of rehabilitation.",Oppose,201,46,5.7749999999999994e-05
95,27,18405,East North Central,Male,White,Graduate degree,Favor,"Oppose. I believe the death penalty raises moral and ethical concerns, especially regarding the potential for wrongful convictions. Additionally, it doesn't effectively deter crime and can reflect systemic biases in the justice system. I think life imprisonment can serve as a better alternative.",Oppose,201,50,6.015e-05
96,38,27607,East North Central,Female,White,Bachelor's degree,Favor,"Oppose. I believe that the death penalty is not a fair or effective solution. There is always a risk of wrongful convictions, and I think life imprisonment without parole is a more humane alternative that allows for the possibility of redemption. The justice system should focus on rehabilitation rather than retribution.",Oppose,201,58,6.494999999999999e-05
97,34,43560,New England,Female,White,Graduate degree,Favor,"Oppose. I believe that the death penalty is not an effective deterrent to crime, and there’s always a risk of executing innocent people. I think our justice system should focus on rehabilitation rather than retribution. Life imprisonment can still hold individuals accountable without the irreversible consequences of capital punishment.",Oppose,200,58,6.48e-05
98,47,58080,West North Central,Male,White,Bachelor's degree,Favor,"Oppose. I believe that the death penalty doesn't effectively deter crime and that there’s always a risk of executing an innocent person. Additionally, I think life imprisonment without parole is a more humane and just approach.",Oppose,201,42,5.535e-05
99,38,18405,West North Central,Male,White,High school,Favor,"Oppose. I believe that the death penalty is not an effective deterrent to crime and can lead to wrongful executions. There are also moral concerns about taking a life, and I think it's better to focus on rehabilitation and prevention of crime rather than punishment that can't be undone.",Oppose,201,55,6.315e-05
